Model,Accuracy,Overconfidence Score,Confidence Gap
Logistic Regression,0.839469320066335,0.7181242534440359,0.004391655646371007
Random Forest,0.8519624101713654,0.7137346278317152,0.015298282397536056
